file_name,exact_age,age_group,label,cat_id
0.5Y-022A-F1-01.wav,0.5,Kitten,0,022A
0.5Y-022A-F1-02.wav,0.5,Kitten,0,022A
0.5Y-022A-F1-03.wav,0.5,Kitten,0,022A
0.5Y-022A-F1-04.wav,0.5,Kitten,0,022A
0.5Y-022A-F1-06.wav,0.5,Kitten,0,022A
0.5Y-022A-F1-08.wav,0.5,Kitten,0,022A
0.5Y-022A-F1-09.wav,0.5,Kitten,0,022A
0.5Y-022A-F1-10.wav,0.5,Kitten,0,022A
0.5Y-022A-F1-11.wav,0.5,Kitten,0,022A
0Y-040A-01.wav,0.0,Kitten,0,040A
0Y-040A-02.wav,0.0,Kitten,0,040A
0Y-040A-03.wav,0.0,Kitten,0,040A
0Y-040A-04.wav,0.0,Kitten,0,040A
0Y-040A-05.wav,0.0,Kitten,0,040A
0Y-040A-06.wav,0.0,Kitten,0,040A
0Y-040A-07.wav,0.0,Kitten,0,040A
0Y-040A-08.wav,0.0,Kitten,0,040A
0Y-040A-09.wav,0.0,Kitten,0,040A
0Y-040A-10.wav,0.0,Kitten,0,040A
0Y-041A-01.wav,0.0,Kitten,0,041A
0Y-043A-01.wav,0.0,Kitten,0,043A
0Y-047A-01.wav,0.0,Kitten,0,047A
0Y-047A-02.wav,0.0,Kitten,0,047A
0Y-047A-03.wav,0.0,Kitten,0,047A
0Y-047A-04.wav,0.0,Kitten,0,047A
0Y-047A-05.wav,0.0,Kitten,0,047A
0Y-047A-06.wav,0.0,Kitten,0,047A
0Y-047A-07.wav,0.0,Kitten,0,047A
0Y-047A-08.wav,0.0,Kitten,0,047A
0Y-047A-09.wav,0.0,Kitten,0,047A
0Y-047A-10.wav,0.0,Kitten,0,047A
0Y-047A-11.wav,0.0,Kitten,0,047A
0Y-047A-12.wav,0.0,Kitten,0,047A
0Y-047A-13.wav,0.0,Kitten,0,047A
0Y-047A-14.wav,0.0,Kitten,0,047A
0Y-047A-15.wav,0.0,Kitten,0,047A
0Y-047A-16.wav,0.0,Kitten,0,047A
0Y-047A-17.wav,0.0,Kitten,0,047A
0Y-047A-18.wav,0.0,Kitten,0,047A
0Y-047A-19.wav,0.0,Kitten,0,047A
0Y-047A-20.wav,0.0,Kitten,0,047A
0Y-047A-21.wav,0.0,Kitten,0,047A
0Y-047A-22.wav,0.0,Kitten,0,047A
0Y-048A.wav,0.0,Kitten,0,048A
0Y-049A.wav,0.0,Kitten,0,049A
0Y-050A-01.wav,0.0,Kitten,0,050A
0Y-050A-02.wav,0.0,Kitten,0,050A
0Y-050A-03.wav,0.0,Kitten,0,050A
0Y-050A-04.wav,0.0,Kitten,0,050A
0Y-050A-05.wav,0.0,Kitten,0,050A
0Y-109A-X1-01.wav,0.0,Kitten,0,109A
0Y-109A-X1-02.wav,0.0,Kitten,0,109A
0Y-109A-X1-03.wav,0.0,Kitten,0,109A
0Y-109A-X1-04.wav,0.0,Kitten,0,109A
0Y-109A-X1-05.wav,0.0,Kitten,0,109A
0Y-110A-X1.wav,0.0,Kitten,0,110A
0Y-111A-X1-01.wav,0.0,Kitten,0,111A
0Y-111A-X1-02.wav,0.0,Kitten,0,111A
0Y-111A-X1-03.wav,0.0,Kitten,0,111A
0Y-111A-X1-04.wav,0.0,Kitten,0,111A
0Y-111A-X1-05.wav,0.0,Kitten,0,111A
0Y-111A-X1-06.wav,0.0,Kitten,0,111A
0Y-111A-X1-07.wav,0.0,Kitten,0,111A
0Y-111A-X1-08.wav,0.0,Kitten,0,111A
0Y-111A-X1-09.wav,0.0,Kitten,0,111A
0Y-111A-X1-10.wav,0.0,Kitten,0,111A
0Y-111A-X1-11.wav,0.0,Kitten,0,111A
0Y-111A-X1-12.wav,0.0,Kitten,0,111A
0Y-115A-X1.wav,0.0,Kitten,0,115A
0Y-3month-042A-01.wav,0.0,Kitten,0,042A
0Y-3month-042A-02.wav,0.0,Kitten,0,042A
0Y-3month-042A-03.wav,0.0,Kitten,0,042A
0Y-3month-042A-04.wav,0.0,Kitten,0,042A
0Y-3month-042A-05.wav,0.0,Kitten,0,042A
0Y-3month-042A-06.wav,0.0,Kitten,0,042A
0Y-3month-042A-07.wav,0.0,Kitten,0,042A
0Y-3month-042A-08.wav,0.0,Kitten,0,042A
0Y-3month-042A-09.wav,0.0,Kitten,0,042A
0Y-3month-042A-10.wav,0.0,Kitten,0,042A
0Y-3month-042A-11.wav,0.0,Kitten,0,042A
0Y-5wks-014B-X1-01.wav,0.0,Kitten,0,014B
0Y-5wks-014B-X1-02.wav,0.0,Kitten,0,014B
0Y-5wks-014B-X1-03.wav,0.0,Kitten,0,014B
0Y-5wks-014B-X1-04.wav,0.0,Kitten,0,014B
0Y-5wks-014B-X1-05.wav,0.0,Kitten,0,014B
0Y-5wks-014B-X1-06.wav,0.0,Kitten,0,014B
0Y-5wks-014B-X2-01.wav,0.0,Kitten,0,014B
0Y-5wks-014B-X2-02.wav,0.0,Kitten,0,014B
0Y-5wks-014B-X2-03.wav,0.0,Kitten,0,014B
0Y-5wks-014B-X2-04.wav,0.0,Kitten,0,014B
0Y-6wks-044A-01-2.wav,0.0,Kitten,0,044A
0Y-6wks-044A-02-2.wav,0.0,Kitten,0,044A
0Y-6wks-044A-03-2.wav,0.0,Kitten,0,044A
0Y-6wks-044A-04-2.wav,0.0,Kitten,0,044A
0Y-6wks-044A-05-2.wav,0.0,Kitten,0,044A
0Y-8week-045A-01.wav,0.0,Kitten,0,045A
0Y-8week-045A-02.wav,0.0,Kitten,0,045A
0Y-8week-045A-03.wav,0.0,Kitten,0,045A
0Y-8week-045A-04.wav,0.0,Kitten,0,045A
0Y-8week-046A-01.wav,0.0,Kitten,0,046A
0Y-8week-046A-02.wav,0.0,Kitten,0,046A
0Y-8week-046A-03.wav,0.0,Kitten,0,046A
0Y-8week-046A-04.wav,0.0,Kitten,0,046A
0Y-8week-046A-05.wav,0.0,Kitten,0,046A
0Y-8week-046A-06.wav,0.0,Kitten,0,046A
0Y-8week-046A-07.wav,0.0,Kitten,0,046A
0Y-8week-046A-08.wav,0.0,Kitten,0,046A
0Y-8week-046A-09.wav,0.0,Kitten,0,046A
0Y-8week-046A-10.wav,0.0,Kitten,0,046A
0Y-8week-046A-11.wav,0.0,Kitten,0,046A
0Y-8week-046A-12.wav,0.0,Kitten,0,046A
0Y-8week-046A-13.wav,0.0,Kitten,0,046A
0Y-8week-046A-14.wav,0.0,Kitten,0,046A
0Y-8week-046A-15.wav,0.0,Kitten,0,046A
0Y-8week-046A-16.wav,0.0,Kitten,0,046A
0Y-8week-046A-17.wav,0.0,Kitten,0,046A
0Y-8week-046A-18.wav,0.0,Kitten,0,046A
0Y-8week-046A-19.wav,0.0,Kitten,0,046A
0Y-8week-046A-20.wav,0.0,Kitten,0,046A
0Y-8week-046A-21.wav,0.0,Kitten,0,046A
0Y-8week-046A-22.wav,0.0,Kitten,0,046A
0Y-8week-046A-23.wav,0.0,Kitten,0,046A
0Y-8week-046A-24.wav,0.0,Kitten,0,046A
0Y-8week-046A-25.wav,0.0,Kitten,0,046A
0Y-8week-046A-26.wav,0.0,Kitten,0,046A
0Y-8week-046A-27.wav,0.0,Kitten,0,046A
0Y-8week-046A-28.wav,0.0,Kitten,0,046A
0Y-8week-046A-29.wav,0.0,Kitten,0,046A
0Y-8week-046A-30.wav,0.0,Kitten,0,046A
0Y-8week-046A-31.wav,0.0,Kitten,0,046A
0Y-8week-046A-32.wav,0.0,Kitten,0,046A
0Y-8week-046A-33.wav,0.0,Kitten,0,046A
0Y-8week-046A-34.wav,0.0,Kitten,0,046A
0Y-8week-046A-35.wav,0.0,Kitten,0,046A
0Y-8week-046A-36.wav,0.0,Kitten,0,046A
0Y-8week-046A-37.wav,0.0,Kitten,0,046A
0Y-8week-046A-38.wav,0.0,Kitten,0,046A
0Y-8week-046A-39.wav,0.0,Kitten,0,046A
0Y-8week-046A-40.wav,0.0,Kitten,0,046A
0Y-8week-046A-41.wav,0.0,Kitten,0,046A
0Y-8week-046A-42.wav,0.0,Kitten,0,046A
0Y-8week-046A-43.wav,0.0,Kitten,0,046A
0Y-8week-046A-44.wav,0.0,Kitten,0,046A
0Y-8week-046A-45.wav,0.0,Kitten,0,046A
1.5Y-014A-F1-NC-01.wav,1.5,Adult,1,014A
1.5Y-014A-F1-NC-02.wav,1.5,Adult,1,014A
1.5Y-014A-F1-NC-03.wav,1.5,Adult,1,014A
10Y-001A-M1-01.wav,10.0,Senior,2,001A
10Y-001A-M2-01.wav,10.0,Senior,2,001A
10Y-001A-M3-01.wav,10.0,Senior,2,001A
10Y-001A-M4-01.wav,10.0,Senior,2,001A
10Y-001A-M5-01.wav,10.0,Senior,2,001A
10Y-001A-M6-01.wav,10.0,Senior,2,001A
10Y-001A-M6-02.wav,10.0,Senior,2,001A
10Y-001A-M6-03.wav,10.0,Senior,2,001A
10Y-001A-M6-04.wav,10.0,Senior,2,001A
10Y-025A-F2-01.wav,10.0,Senior,2,025A
10Y-025A-F2-04.wav,10.0,Senior,2,025A
10Y-025A-F2-05.wav,10.0,Senior,2,025A
10Y-025A-F2-07.wav,10.0,Senior,2,025A
10Y-025A-F2-08.wav,10.0,Senior,2,025A
10Y-025A-F2-09.wav,10.0,Senior,2,025A
10Y-025A-F2-10.wav,10.0,Senior,2,025A
10Y-025A-F2-11.wav,10.0,Senior,2,025A
10Y-025A-F2-12.wav,10.0,Senior,2,025A
10Y-025A-F2-14.wav,10.0,Senior,2,025A
10Y-025C-M1-01.wav,10.0,Senior,2,025C
10Y-025C-M1-02.wav,10.0,Senior,2,025C
10Y-025C-M1-03.wav,10.0,Senior,2,025C
10Y-025C-M1-04.wav,10.0,Senior,2,025C
10Y-028A-F1-01.wav,10.0,Senior,2,028A
10Y-028A-F1-02.wav,10.0,Senior,2,028A
10Y-028A-F2-01.wav,10.0,Senior,2,028A
10Y-028A-F2-02.wav,10.0,Senior,2,028A
10Y-028A-F2-03.wav,10.0,Senior,2,028A
10Y-028A-F2-04.wav,10.0,Senior,2,028A
10Y-028A-F2-05.wav,10.0,Senior,2,028A
10Y-028A-F2-06.wav,10.0,Senior,2,028A
10Y-028A-F2-07.wav,10.0,Senior,2,028A
10Y-028A-F2-08.wav,10.0,Senior,2,028A
10Y-028A-F2-09.wav,10.0,Senior,2,028A
10Y-039A-X-02.wav,10.0,Senior,2,039A
10Y-039A-X-03.wav,10.0,Senior,2,039A
10Y-039A-X-04.wav,10.0,Senior,2,039A
10Y-039A-X-05.wav,10.0,Senior,2,039A
10Y-039A-X-06.wav,10.0,Senior,2,039A
10Y-039A-X-07.wav,10.0,Senior,2,039A
10Y-060A-F1-01.wav,10.0,Senior,2,060A
10Y-060A-F1-02.wav,10.0,Senior,2,060A
10Y-060A-F1-03.wav,10.0,Senior,2,060A
10Y-101A-F1-GH-01.wav,10.0,Senior,2,101A
10Y-101A-F1-GH-02.wav,10.0,Senior,2,101A
10Y-101A-F1-GH-03.wav,10.0,Senior,2,101A
10Y-101A-F1-GH-04.wav,10.0,Senior,2,101A
10Y-101A-F1-GH-05.wav,10.0,Senior,2,101A
10Y-101A-F1-GH-06.wav,10.0,Senior,2,101A
10Y-101A-F1-GH-07.wav,10.0,Senior,2,101A
10Y-101A-F1-GH-08.wav,10.0,Senior,2,101A
10Y-101A-F1-GH-09.wav,10.0,Senior,2,101A
10Y-101A-F1-GH-10.wav,10.0,Senior,2,101A
10Y-101A-F1-GH-11.wav,10.0,Senior,2,101A
10Y-101A-F1-GH-12.wav,10.0,Senior,2,101A
10Y-103A-M1-NC-01.wav,10.0,Senior,2,103A
10Y-103A-M1-NC-02.wav,10.0,Senior,2,103A
10Y-103A-M1-NC-03.wav,10.0,Senior,2,103A
10Y-103A-M1-NC-04.wav,10.0,Senior,2,103A
10Y-103A-M1-NC-05.wav,10.0,Senior,2,103A
10Y-103A-M1-NC-06.wav,10.0,Senior,2,103A
10Y-103A-M1-NC-07.wav,10.0,Senior,2,103A
10Y-103A-M1-NC-08.wav,10.0,Senior,2,103A
10Y-103A-M1-NC-09.wav,10.0,Senior,2,103A
10Y-103A-M1-NC-10.wav,10.0,Senior,2,103A
10Y-103A-M1-NC-11.wav,10.0,Senior,2,103A
10Y-103A-M1-NC-12.wav,10.0,Senior,2,103A
10Y-103A-M1-NC-13.wav,10.0,Senior,2,103A
10Y-103A-M1-NC-14.wav,10.0,Senior,2,103A
10Y-103A-M1-NC-15.wav,10.0,Senior,2,103A
10Y-103A-M1-NC-16.wav,10.0,Senior,2,103A
10Y-103A-M1-NC-17.wav,10.0,Senior,2,103A
10Y-103A-M1-NC-18.wav,10.0,Senior,2,103A
10Y-103A-M1-NC-20.wav,10.0,Senior,2,103A
10Y-103A-M1-NC-21.wav,10.0,Senior,2,103A
10Y-103A-M1-NC-22.wav,10.0,Senior,2,103A
10Y-103A-M1-NC-23.wav,10.0,Senior,2,103A
10Y-103A-M1-NC-24.wav,10.0,Senior,2,103A
10Y-103A-M1-NC-25.wav,10.0,Senior,2,103A
10Y-103A-M1-NC-26.wav,10.0,Senior,2,103A
10Y-103A-M1-NC-27.wav,10.0,Senior,2,103A
10Y-103A-M1-NC-28.wav,10.0,Senior,2,103A
10Y-103A-M1-NC-29.wav,10.0,Senior,2,103A
10Y-103A-M1-NC-30.wav,10.0,Senior,2,103A
10Y-103A-M1-NC-31.wav,10.0,Senior,2,103A
10Y-103A-M1-NC-32.wav,10.0,Senior,2,103A
10Y-103A-M1-NC-33.wav,10.0,Senior,2,103A
10Y-103A-M1-NC-34.wav,10.0,Senior,2,103A
11Y-008A-M1-01.wav,11.0,Senior,2,008A
11Y-008A-M1-02.wav,11.0,Senior,2,008A
11Y-008A-M1-03.wav,11.0,Senior,2,008A
11Y-008A-M1-04.wav,11.0,Senior,2,008A
11Y-008A-M1-05.wav,11.0,Senior,2,008A
11Y-015A-M1-01.wav,11.0,Senior,2,015A
11Y-015A-M2-01.wav,11.0,Senior,2,015A
11Y-015A-M3-01.wav,11.0,Senior,2,015A
11Y-015A-M4-01.wav,11.0,Senior,2,015A
11Y-015A-M5-01.wav,11.0,Senior,2,015A
11Y-015A-M6-01.wav,11.0,Senior,2,015A
11Y-015A-M7.wav,11.0,Senior,2,015A
11Y-053A-F-01.wav,11.0,Senior,2,053A
11Y-053A-F-02.wav,11.0,Senior,2,053A
11Y-053A-F-03.wav,11.0,Senior,2,053A
11Y-091A-M2.wav,11.0,Senior,2,091A
12Y-054A-X-01.wav,12.0,Senior,2,054A
12Y-054A-X-02.wav,12.0,Senior,2,054A
13Y-016A-M1-01.wav,13.0,Senior,2,016A
13Y-016A-M1-02.wav,13.0,Senior,2,016A
13Y-016A-M1-03.wav,13.0,Senior,2,016A
13Y-016A-M1-04.wav,13.0,Senior,2,016A
13Y-016A-M2-01.wav,13.0,Senior,2,016A
13Y-016A-M2-02.wav,13.0,Senior,2,016A
13Y-016A-M2-03.wav,13.0,Senior,2,016A
13Y-016A-M2-04.wav,13.0,Senior,2,016A
13Y-016A-M2-05.wav,13.0,Senior,2,016A
13Y-055A-F-05.wav,13.0,Senior,2,055A
13Y-055A-F-06.wav,13.0,Senior,2,055A
13Y-055A-F-07.wav,13.0,Senior,2,055A
13Y-055A-F-08.wav,13.0,Senior,2,055A
13Y-055A-F-09.wav,13.0,Senior,2,055A
13Y-055A-F-11.wav,13.0,Senior,2,055A
13Y-055A-F-15.wav,13.0,Senior,2,055A
13Y-055A-F-16.wav,13.0,Senior,2,055A
13Y-055A-F-19.wav,13.0,Senior,2,055A
13Y-055A-F-20.wav,13.0,Senior,2,055A
13Y-055A-F-21.wav,13.0,Senior,2,055A
13Y-055A-F-22.wav,13.0,Senior,2,055A
14Y-051A-F1-01 2.wav,14.0,Senior,2,051A
14Y-051A-F1-01.wav,14.0,Senior,2,051A
14Y-051A-F1-02-2.wav,14.0,Senior,2,051A
14Y-051A-F1-02.wav,14.0,Senior,2,051A
14Y-051A-F1-03-2.wav,14.0,Senior,2,051A
14Y-051A-F1-03.wav,14.0,Senior,2,051A
14Y-051A-F1-04-2.wav,14.0,Senior,2,051A
14Y-051A-F1-04.wav,14.0,Senior,2,051A
14Y-051A-F1-05.wav,14.0,Senior,2,051A
14Y-051A-F1-06.wav,14.0,Senior,2,051A
14Y-051A-F1-07.wav,14.0,Senior,2,051A
14Y-051A-F1-08.wav,14.0,Senior,2,051A
14Y-093A-X1-01.wav,14.0,Senior,2,093A
14Y-093A-X1-02.wav,14.0,Senior,2,093A
14Y-113A-F1.wav,14.0,Senior,2,113A
14Y-113A-F2.wav,14.0,Senior,2,113A
14Y-113A-F3.wav,14.0,Senior,2,113A
15Y-024A-M1-02.wav,15.0,Senior,2,024A
15Y-056A-X-01.wav,15.0,Senior,2,056A
15Y-056A-X-02.wav,15.0,Senior,2,056A
15Y-056A-X-03.wav,15.0,Senior,2,056A
15Y-104A-F1-NC-01.wav,15.0,Senior,2,104A
15Y-104A-F1-NC-02.wav,15.0,Senior,2,104A
15Y-104A-F1-NC-03.wav,15.0,Senior,2,104A
15Y-104A-F1-NC-04.wav,15.0,Senior,2,104A
15Y-106A-M1-AW-01.wav,15.0,Senior,2,106A
15Y-106A-M1-AW-02.wav,15.0,Senior,2,106A
15Y-106A-M1-AW-03.wav,15.0,Senior,2,106A
15Y-106A-M2-AT-01.wav,15.0,Senior,2,106A
15Y-106A-M2-AT-02.wav,15.0,Senior,2,106A
15Y-106A-M2-AT-03.wav,15.0,Senior,2,106A
15Y-106A-M2-AT-04.wav,15.0,Senior,2,106A
15Y-106A-M2-AT-05.wav,15.0,Senior,2,106A
15Y-106A-M2-AT-06.wav,15.0,Senior,2,106A
15Y-106A-M3-NC-01.wav,15.0,Senior,2,106A
15Y-106A-M3-NC-02.wav,15.0,Senior,2,106A
15Y-106A-M3-NC-03.wav,15.0,Senior,2,106A
15Y-106A-M3-NC-04.wav,15.0,Senior,2,106A
16Y-051B-M-01.wav,16.0,Senior,2,051B
16Y-051B-M-02.wav,16.0,Senior,2,051B
16Y-051B-M-03.wav,16.0,Senior,2,051B
16Y-051B-M-04.wav,16.0,Senior,2,051B
16Y-051B-M-05.wav,16.0,Senior,2,051B
16Y-051B-M-06.wav,16.0,Senior,2,051B
16Y-051B-M-07.wav,16.0,Senior,2,051B
16Y-051B-M-08.wav,16.0,Senior,2,051B
16Y-051B-M-09.wav,16.0,Senior,2,051B
16Y-057A-X-01.wav,16.0,Senior,2,057A
16Y-057A-X-02.wav,16.0,Senior,2,057A
16Y-057A-X-1-01 2.wav,16.0,Senior,2,057A
16Y-057A-X-1-01.wav,16.0,Senior,2,057A
16Y-057A-X-1-02 2.wav,16.0,Senior,2,057A
16Y-057A-X-1-02.wav,16.0,Senior,2,057A
16Y-057A-X-2-01 2.wav,16.0,Senior,2,057A
16Y-057A-X-2-01.wav,16.0,Senior,2,057A
16Y-057A-X-2-02 2.wav,16.0,Senior,2,057A
16Y-057A-X-2-02.wav,16.0,Senior,2,057A
16Y-057A-X-2-03.wav,16.0,Senior,2,057A
16Y-057A-X-2-04.wav,16.0,Senior,2,057A
16Y-057A-X-2-05.wav,16.0,Senior,2,057A
16Y-057A-X-2.wav,16.0,Senior,2,057A
16Y-057A-X-3.wav,16.0,Senior,2,057A
16Y-057A-X-hungry.wav,16.0,Senior,2,057A
16Y-057A-X.wav,16.0,Senior,2,057A
16Y-058A-X-01.wav,16.0,Senior,2,058A
16Y-058A-X-02.wav,16.0,Senior,2,058A
16Y-058A-X-03.wav,16.0,Senior,2,058A
16Y-061A-M-01.wav,16.0,Senior,2,061A
16Y-061A-M-02.wav,16.0,Senior,2,061A
16Y-094A-M1-01.wav,16.0,Senior,2,094A
16Y-094A-M1-02.wav,16.0,Senior,2,094A
16Y-094A-M1-03.wav,16.0,Senior,2,094A
16Y-094A-M1-04.wav,16.0,Senior,2,094A
16Y-094A-M1-05.wav,16.0,Senior,2,094A
16Y-108A-F1-01.wav,16.0,Senior,2,108A
16Y-108A-F1-02.wav,16.0,Senior,2,108A
16Y-108A-F1-03.wav,16.0,Senior,2,108A
16Y-108A-F1-04.wav,16.0,Senior,2,108A
16Y-108A-F1-05.wav,16.0,Senior,2,108A
16Y-116A-F1-01.wav,16.0,Senior,2,116A
16Y-116A-F1-02.wav,16.0,Senior,2,116A
16Y-116A-F1-03.wav,16.0,Senior,2,116A
16Y-116A-F1-04.wav,16.0,Senior,2,116A
16Y-116A-F1-05.wav,16.0,Senior,2,116A
16Y-116A-F1-06.wav,16.0,Senior,2,116A
16Y-116A-F1-07.wav,16.0,Senior,2,116A
16Y-116A-F1-08.wav,16.0,Senior,2,116A
16Y-116A-F1-09.wav,16.0,Senior,2,116A
16Y-116A-F1-10.wav,16.0,Senior,2,116A
16Y-116A-F1-11.wav,16.0,Senior,2,116A
16Y-116A-F1-12.wav,16.0,Senior,2,116A
17Y-011A-F1-02.wav,17.0,Senior,2,011A
17Y-011A-F1-03.wav,17.0,Senior,2,011A
17Y-097A-X-01.wav,17.0,Senior,2,097A
17Y-097A-X-02.wav,17.0,Senior,2,097A
17Y-097A-X-03.wav,17.0,Senior,2,097A
17Y-097A-X-04.wav,17.0,Senior,2,097A
17Y-097A-X-05.wav,17.0,Senior,2,097A
17Y-097A-X-06.wav,17.0,Senior,2,097A
17Y-097A-X-07.wav,17.0,Senior,2,097A
17Y-097A-X-08.wav,17.0,Senior,2,097A
17Y-097A-X-09.wav,17.0,Senior,2,097A
17Y-097A-X-10.wav,17.0,Senior,2,097A
17Y-097A-X2-01.wav,17.0,Senior,2,097A
17Y-097A-X2-02.wav,17.0,Senior,2,097A
17Y-097A-X2-03.wav,17.0,Senior,2,097A
17Y-097A-X2-04.wav,17.0,Senior,2,097A
17Y-097A-X2-05.wav,17.0,Senior,2,097A
18Y-059A-M-01.wav,18.0,Senior,2,059A
18Y-059A-M-02.wav,18.0,Senior,2,059A
18Y-059A-M-03.wav,18.0,Senior,2,059A
18Y-059A-M-04.wav,18.0,Senior,2,059A
18Y-059A-M-05.wav,18.0,Senior,2,059A
18Y-059A-M-06.wav,18.0,Senior,2,059A
18Y-059A-M-07.wav,18.0,Senior,2,059A
18Y-059A-M-08.wav,18.0,Senior,2,059A
18Y-059A-M-09.wav,18.0,Senior,2,059A
18Y-059A-M-10.wav,18.0,Senior,2,059A
18Y-090A-F.wav,18.0,Senior,2,090A
18Y-117A-F1-01.wav,18.0,Senior,2,117A
18Y-117A-F1-02.wav,18.0,Senior,2,117A
18Y-117A-F1-03.wav,18.0,Senior,2,117A
18Y-117A-F1-04.wav,18.0,Senior,2,117A
18Y-117A-F1-05.wav,18.0,Senior,2,117A
18Y-117A-F1-06.wav,18.0,Senior,2,117A
18Y-117A-F1-07.wav,18.0,Senior,2,117A
1Y-010A-M1-01.wav,1.0,Adult,1,010A
1Y-010A-M1-02.wav,1.0,Adult,1,010A
1Y-010A-M1-03.wav,1.0,Adult,1,010A
1Y-062A-X-01.wav,1.0,Adult,1,062A
1Y-062A-X-02.wav,1.0,Adult,1,062A
1Y-062A-X-03.wav,1.0,Adult,1,062A
1Y-063A-X-01.wav,1.0,Adult,1,063A
1Y-063A-X-02.wav,1.0,Adult,1,063A
1Y-063A-X-03.wav,1.0,Adult,1,063A
1Y-063A-X-04.wav,1.0,Adult,1,063A
1Y-063A-X-05.wav,1.0,Adult,1,063A
1Y-063A-X-06.wav,1.0,Adult,1,063A
1Y-063A-X-07.wav,1.0,Adult,1,063A
1Y-063A-X-08.wav,1.0,Adult,1,063A
1Y-063A-X-09.wav,1.0,Adult,1,063A
1Y-063A-X-10.wav,1.0,Adult,1,063A
1Y-063A-X-11.wav,1.0,Adult,1,063A
1Y-064A-X.wav,1.0,Adult,1,064A
1Y-065A-F-01.wav,1.0,Adult,1,065A
1Y-065A-F-02.wav,1.0,Adult,1,065A
1Y-065A-F-03.wav,1.0,Adult,1,065A
1Y-065A-F-04.wav,1.0,Adult,1,065A
1Y-065A-F-05.wav,1.0,Adult,1,065A
1Y-065A-F-06.wav,1.0,Adult,1,065A
1Y-065A-F-07.wav,1.0,Adult,1,065A
1Y-065A-F-08.wav,1.0,Adult,1,065A
1Y-065A-F-09.wav,1.0,Adult,1,065A
1Y-066A-M.wav,1.0,Adult,1,066A
1Y-067A-M-01.wav,1.0,Adult,1,067A
1Y-067A-M-02.wav,1.0,Adult,1,067A
1Y-067A-M-03.wav,1.0,Adult,1,067A
1Y-067A-M-04.wav,1.0,Adult,1,067A
1Y-067A-M-05.wav,1.0,Adult,1,067A
1Y-067A-M-06.wav,1.0,Adult,1,067A
1Y-067A-M-07.wav,1.0,Adult,1,067A
1Y-067A-M-08.wav,1.0,Adult,1,067A
1Y-067A-M-09.wav,1.0,Adult,1,067A
1Y-067A-M-10.wav,1.0,Adult,1,067A
1Y-067A-M-11.wav,1.0,Adult,1,067A
1Y-075A-M-01.wav,1.0,Adult,1,075A
1Y-075A-M-02.wav,1.0,Adult,1,075A
1Y-075A-M-03.wav,1.0,Adult,1,075A
1Y-075A-M-04.wav,1.0,Adult,1,075A
1Y-075A-M-05.wav,1.0,Adult,1,075A
2.5Y-003A-M1-01.wav,2.5,Adult,1,003A
2.5Y-003A-M2-01.wav,2.5,Adult,1,003A
2.5Y-003A-M2.wav,2.5,Adult,1,003A
2.5Y-003A-M3.wav,2.5,Adult,1,003A
2.5Y-021A-M3.wav,2.5,Adult,1,021A
2.5Y-021A-M4.wav,2.5,Adult,1,021A
2.5Y-021A-M5.wav,2.5,Adult,1,021A
2.5Y-021A-M6-01.wav,2.5,Adult,1,021A
2.5Y-021A-M6-02.wav,2.5,Adult,1,021A
2Y-000B-F1-01.wav,2.0,Adult,1,000B
2Y-000B-F1-02.wav,2.0,Adult,1,000B
2Y-000B-F1-03.wav,2.0,Adult,1,000B
2Y-000B-F1-WO-01.wav,2.0,Adult,1,000B
2Y-000B-F1-WO-02.wav,2.0,Adult,1,000B
2Y-000B-F1-WO-03.wav,2.0,Adult,1,000B
2Y-000B-F1-WO-04.wav,2.0,Adult,1,000B
2Y-000B-F1-WO-05.wav,2.0,Adult,1,000B
2Y-000B-F1-WO-06.wav,2.0,Adult,1,000B
2Y-000B-F2-01.wav,2.0,Adult,1,000B
2Y-000B-F2-02.wav,2.0,Adult,1,000B
2Y-000B-F4-01.wav,2.0,Adult,1,000B
2Y-000B-F5-01.wav,2.0,Adult,1,000B
2Y-000B-F5-02.wav,2.0,Adult,1,000B
2Y-000B-F5-03.wav,2.0,Adult,1,000B
2Y-000B-F6-01.wav,2.0,Adult,1,000B
2Y-000B-F7-01.wav,2.0,Adult,1,000B
2Y-000B-F7-02.wav,2.0,Adult,1,000B
2Y-006A-M1-01.wav,2.0,Adult,1,006A
2Y-006A-M2-01.wav,2.0,Adult,1,006A
2Y-006A-M2-02.wav,2.0,Adult,1,006A
2Y-012A-M1-01.wav,2.0,Adult,1,012A
2Y-012A-M1-02.wav,2.0,Adult,1,012A
2Y-012A-M1-03.wav,2.0,Adult,1,012A
2Y-031A-F1-01.wav,2.0,Adult,1,031A
2Y-031A-F1-02.wav,2.0,Adult,1,031A
2Y-031A-F1-03.wav,2.0,Adult,1,031A
2Y-031A-F2-01.wav,2.0,Adult,1,031A
2Y-031A-F2-02.wav,2.0,Adult,1,031A
2Y-031A-F2-03.wav,2.0,Adult,1,031A
2Y-031A-F2-04.wav,2.0,Adult,1,031A
2Y-068A-X-01.wav,2.0,Adult,1,068A
2Y-068A-X-02.wav,2.0,Adult,1,068A
2Y-068A-X-03.wav,2.0,Adult,1,068A
2Y-068A-X-04.wav,2.0,Adult,1,068A
2Y-068A-X-05.wav,2.0,Adult,1,068A
2Y-068A-X-06.wav,2.0,Adult,1,068A
2Y-068A-X-07.wav,2.0,Adult,1,068A
2Y-068A-X-08.wav,2.0,Adult,1,068A
2Y-069A-X-01.wav,2.0,Adult,1,069A
2Y-069A-X-02.wav,2.0,Adult,1,069A
2Y-076A-M.wav,2.0,Adult,1,076A
2Y-087A_M1-01.wav,2.0,Adult,1,087A_M1
2Y-087A_M1-02.wav,2.0,Adult,1,087A_M1
2Y-100A-M1-NC.wav,2.0,Adult,1,100A
3Y-018A-M1-01.wav,3.0,Adult,1,018A
3Y-018A-M2-01.wav,3.0,Adult,1,018A
3Y-029A-M1-01.wav,3.0,Adult,1,029A
3Y-029A-M1-02.wav,3.0,Adult,1,029A
3Y-029A-M1-03.wav,3.0,Adult,1,029A
3Y-029A-M1-04.wav,3.0,Adult,1,029A
3Y-029A-M1-05.wav,3.0,Adult,1,029A
3Y-029A-M1-06.wav,3.0,Adult,1,029A
3Y-029A-M1-07.wav,3.0,Adult,1,029A
3Y-029A-M1-08.wav,3.0,Adult,1,029A
3Y-029A-M1-09.wav,3.0,Adult,1,029A
3Y-029A-M2-01.wav,3.0,Adult,1,029A
3Y-029A-M2-02.wav,3.0,Adult,1,029A
3Y-029A-M2-03.wav,3.0,Adult,1,029A
3Y-029A-M2-04.wav,3.0,Adult,1,029A
3Y-029A-M2-05.wav,3.0,Adult,1,029A
3Y-029A-M2-06.wav,3.0,Adult,1,029A
3Y-070A-F-01.wav,3.0,Adult,1,070A
3Y-070A-F-02.wav,3.0,Adult,1,070A
3Y-070A-F-03.wav,3.0,Adult,1,070A
3Y-070A-F-04.wav,3.0,Adult,1,070A
3Y-070A-F-05.wav,3.0,Adult,1,070A
3Y-071A-X-01.wav,3.0,Adult,1,071A
3Y-071A-X-02.wav,3.0,Adult,1,071A
3Y-071A-X-03.wav,3.0,Adult,1,071A
3Y-071A-X-04.wav,3.0,Adult,1,071A
3Y-071A-X-05.wav,3.0,Adult,1,071A
3Y-071A-X-06.wav,3.0,Adult,1,071A
3Y-071A-X-07.wav,3.0,Adult,1,071A
3Y-071A-X-08.wav,3.0,Adult,1,071A
3Y-071A-X-09.wav,3.0,Adult,1,071A
3Y-072A-X-01.wav,3.0,Adult,1,072A
3Y-072A-X-02.wav,3.0,Adult,1,072A
3Y-072A-X-03.wav,3.0,Adult,1,072A
3Y-072A-X-04.wav,3.0,Adult,1,072A
3Y-072A-X-05.wav,3.0,Adult,1,072A
3Y-072A-X-06.wav,3.0,Adult,1,072A
3Y-072A-X-07.wav,3.0,Adult,1,072A
3Y-072A-X-08.wav,3.0,Adult,1,072A
3Y-072A-X-09.wav,3.0,Adult,1,072A
3Y-073A-X-01.wav,3.0,Adult,1,073A
3Y-088A-M1-01.wav,3.0,Adult,1,088A
3Y-092A-M1.wav,3.0,Adult,1,092A
3Y-105A-M2-AN.wav,3.0,Adult,1,105A
3Y-105A-M3-WO.wav,3.0,Adult,1,105A
3Y-105A-M4-CA.wav,3.0,Adult,1,105A
4Y-004A-F1-01.wav,4.0,Adult,1,004A
4Y-019B-X1-01.wav,4.0,Adult,1,019B
4Y-023A-M2-01.wav,4.0,Adult,1,023A
4Y-023A-M2-02.wav,4.0,Adult,1,023A
4Y-023A-M2-03.wav,4.0,Adult,1,023A
4Y-023A-M2-04.wav,4.0,Adult,1,023A
4Y-023A-M2-05.wav,4.0,Adult,1,023A
4Y-023A-M2-06.wav,4.0,Adult,1,023A
4Y-027A-M1-01.wav,4.0,Adult,1,027A
4Y-027A-M1-02.wav,4.0,Adult,1,027A
4Y-027A-M1-03.wav,4.0,Adult,1,027A
4Y-027A-M1-04.wav,4.0,Adult,1,027A
4Y-027A-M1-05.wav,4.0,Adult,1,027A
4Y-027A-M1-06.wav,4.0,Adult,1,027A
4Y-027A-M1-07.wav,4.0,Adult,1,027A
4Y-032A-X-01.wav,4.0,Adult,1,032A
4Y-032A-X-02.wav,4.0,Adult,1,032A
4Y-074A-M-01.wav,4.0,Adult,1,074A
4Y-074A-M-02.wav,4.0,Adult,1,074A
4Y-074A-M-03.wav,4.0,Adult,1,074A
4Y-074A-M-04.wav,4.0,Adult,1,074A
4Y-074A-M-05.wav,4.0,Adult,1,074A
4Y-074A-M-06.wav,4.0,Adult,1,074A
4Y-074A-M-07.wav,4.0,Adult,1,074A
4Y-074A-M-08.wav,4.0,Adult,1,074A
4Y-074A-M-09.wav,4.0,Adult,1,074A
4Y-074A-M-10.wav,4.0,Adult,1,074A
4Y-074A-M-11.wav,4.0,Adult,1,074A
4Y-074A-M-12.wav,4.0,Adult,1,074A
4Y-074A-M-13.wav,4.0,Adult,1,074A
4Y-074A-M-14.wav,4.0,Adult,1,074A
4Y-074A-M-15.wav,4.0,Adult,1,074A
4Y-074A-M-16.wav,4.0,Adult,1,074A
5.25Y-099A-F1-NC-01.wav,5.25,Adult,1,099A
5.25Y-099A-F1-NC-02.wav,5.25,Adult,1,099A
5.25Y-099A-F1-NC-03.wav,5.25,Adult,1,099A
5.25Y-099A-F1-NC-04.wav,5.25,Adult,1,099A
5.25Y-099A-F1-NC-05.wav,5.25,Adult,1,099A
5.25Y-099A-F1-NC-06.wav,5.25,Adult,1,099A
5Y-000A-F1-01.wav,5.0,Adult,1,000A
5Y-000A-F1-02.wav,5.0,Adult,1,000A
5Y-000A-F1-03.wav,5.0,Adult,1,000A
5Y-000A-F1-04.wav,5.0,Adult,1,000A
5Y-000A-F1-05.wav,5.0,Adult,1,000A
5Y-000A-F1-06.wav,5.0,Adult,1,000A
5Y-000A-F1-07.wav,5.0,Adult,1,000A
5Y-000A-F10-CA-01.wav,5.0,Adult,1,000A
5Y-000A-F10-CA-02.wav,5.0,Adult,1,000A
5Y-000A-F10-CA-03.wav,5.0,Adult,1,000A
5Y-000A-F11-01.wav,5.0,Adult,1,000A
5Y-000A-F2-01.wav,5.0,Adult,1,000A
5Y-000A-F3-01.wav,5.0,Adult,1,000A
5Y-000A-F3-02.wav,5.0,Adult,1,000A
5Y-000A-F4-01.wav,5.0,Adult,1,000A
5Y-000A-F4-02.wav,5.0,Adult,1,000A
5Y-000A-F4-03.wav,5.0,Adult,1,000A
5Y-000A-F4-04.wav,5.0,Adult,1,000A
5Y-000A-F4-05.wav,5.0,Adult,1,000A
5Y-000A-F4-06.wav,5.0,Adult,1,000A
5Y-000A-F4-07.wav,5.0,Adult,1,000A
5Y-000A-F5-01.wav,5.0,Adult,1,000A
5Y-000A-F5-02.wav,5.0,Adult,1,000A
5Y-000A-F6-01.wav,5.0,Adult,1,000A
5Y-000A-F7-01.wav,5.0,Adult,1,000A
5Y-000A-F8-01.wav,5.0,Adult,1,000A
5Y-000A-F8-02.wav,5.0,Adult,1,000A
5Y-000A-F9-AF-03.wav,5.0,Adult,1,000A
5Y-000A-F9-CA-01.wav,5.0,Adult,1,000A
5Y-000A-F9-CA-02.wav,5.0,Adult,1,000A
5Y-000A-F9-HD-01.wav,5.0,Adult,1,000A
5Y-000A-F9-HD-02.wav,5.0,Adult,1,000A
5Y-000A-F9-HD-03.wav,5.0,Adult,1,000A
5Y-000A-F9-HD-04.wav,5.0,Adult,1,000A
5Y-000A-F9-HD-05.wav,5.0,Adult,1,000A
5Y-000A-F9-HD-06.wav,5.0,Adult,1,000A
5Y-000A-F9-HD-07.wav,5.0,Adult,1,000A
5Y-000A-F9-HD-08.wav,5.0,Adult,1,000A
5Y-000A-F9-HD-09.wav,5.0,Adult,1,000A
5Y-000B-F10-CA-01.wav,5.0,Adult,1,000B
5Y-096A-X.wav,5.0,Adult,1,096A
6Y-002A-F1-01.wav,6.0,Adult,1,002A
6Y-002A-F1-02.wav,6.0,Adult,1,002A
6Y-002A-F2-01.wav,6.0,Adult,1,002A
6Y-002A-F2-02.wav,6.0,Adult,1,002A
6Y-002A-F3-01.wav,6.0,Adult,1,002A
6Y-002A-F3-02.wav,6.0,Adult,1,002A
6Y-002A-F3-03.wav,6.0,Adult,1,002A
6Y-002A-F3-04.wav,6.0,Adult,1,002A
6Y-002A-F3-05.wav,6.0,Adult,1,002A
6Y-002A-F3-06.wav,6.0,Adult,1,002A
6Y-002A-F3-07.wav,6.0,Adult,1,002A
6Y-002A-F4-01.wav,6.0,Adult,1,002A
6Y-002A-F4-02.wav,6.0,Adult,1,002A
6Y-002B-M1-01.wav,6.0,Adult,1,002B
6Y-002B-M1-02.wav,6.0,Adult,1,002B
6Y-002B-M1-03.wav,6.0,Adult,1,002B
6Y-002B-M1-04.wav,6.0,Adult,1,002B
6Y-002B-M1-05.wav,6.0,Adult,1,002B
6Y-002B-M2-01.wav,6.0,Adult,1,002B
6Y-002B-M2-02.wav,6.0,Adult,1,002B
6Y-002B-M3-01.wav,6.0,Adult,1,002B
6Y-002B-M3-02.wav,6.0,Adult,1,002B
6Y-002B-M3-03.wav,6.0,Adult,1,002B
6Y-002B-M3-04.wav,6.0,Adult,1,002B
6Y-002B-M3-05.wav,6.0,Adult,1,002B
6Y-002B-M3-06.wav,6.0,Adult,1,002B
6Y-002B-M3-07.wav,6.0,Adult,1,002B
6Y-002B-M3-08.wav,6.0,Adult,1,002B
6Y-002B-M3-09.wav,6.0,Adult,1,002B
6Y-002B-M3-10.wav,6.0,Adult,1,002B
6Y-002B-M3-11.wav,6.0,Adult,1,002B
6Y-002B-M3-12.wav,6.0,Adult,1,002B
6Y-002B-M3-13.wav,6.0,Adult,1,002B
6Y-002B-M3-14.wav,6.0,Adult,1,002B
6Y-002B-M3-15.wav,6.0,Adult,1,002B
6Y-002B-M4-01.wav,6.0,Adult,1,002B
6Y-002B-M4-02.wav,6.0,Adult,1,002B
6Y-002B-M4-03.wav,6.0,Adult,1,002B
6Y-002B-M4-04.wav,6.0,Adult,1,002B
6Y-002B-M4-05.wav,6.0,Adult,1,002B
6Y-002B-M5-01.wav,6.0,Adult,1,002B
6Y-002B-M5-02.wav,6.0,Adult,1,002B
6Y-002B-M5-03.wav,6.0,Adult,1,002B
6Y-007A-M1-01.wav,6.0,Adult,1,007A
6Y-007A-M2-01.wav,6.0,Adult,1,007A
6Y-007A-M2-02.wav,6.0,Adult,1,007A
6Y-007A-M2-03.wav,6.0,Adult,1,007A
6Y-007A-M2-04.wav,6.0,Adult,1,007A
6Y-007A-M2-05.wav,6.0,Adult,1,007A
6Y-009A-F1-01.wav,6.0,Adult,1,009A
6Y-009A-F1-02.wav,6.0,Adult,1,009A
6Y-009A-F2-01.wav,6.0,Adult,1,009A
6Y-009A-F2-02.wav,6.0,Adult,1,009A
6Y-023B-M1-01.wav,6.0,Adult,1,023B
6Y-023B-M1-02.wav,6.0,Adult,1,023B
6Y-023B-M1-03.wav,6.0,Adult,1,023B
6Y-023B-M1-04.wav,6.0,Adult,1,023B
6Y-033A-M-01.wav,6.0,Adult,1,033A
6Y-033A-M-02.wav,6.0,Adult,1,033A
6Y-033A-M-03.wav,6.0,Adult,1,033A
6Y-033A-M-04.wav,6.0,Adult,1,033A
6Y-033A-M-05.wav,6.0,Adult,1,033A
6Y-033A-M-06.wav,6.0,Adult,1,033A
6Y-033A-M-07.wav,6.0,Adult,1,033A
6Y-033A-M-08.wav,6.0,Adult,1,033A
6Y-033A-M-09.wav,6.0,Adult,1,033A
6Y-034A-X-01.wav,6.0,Adult,1,034A
6Y-034A-X-02.wav,6.0,Adult,1,034A
6Y-034A-X-03.wav,6.0,Adult,1,034A
6Y-035A-X-01.wav,6.0,Adult,1,035A
6Y-035A-X-02.wav,6.0,Adult,1,035A
6Y-036A-X-01.wav,6.0,Adult,1,036A
6Y-036A-X-02.wav,6.0,Adult,1,036A
6Y-036A-X-03.wav,6.0,Adult,1,036A
6Y-036A-X-04.wav,6.0,Adult,1,036A
6Y-036A-X-05.wav,6.0,Adult,1,036A
6Y-036A-X-06.wav,6.0,Adult,1,036A
6Y-036A-X-07.wav,6.0,Adult,1,036A
6Y-095A-M1-01.wav,6.0,Adult,1,095A
6Y-095A-M1-02.wav,6.0,Adult,1,095A
6Y-095A-M1-03.wav,6.0,Adult,1,095A
6Y-095A-M1-04.wav,6.0,Adult,1,095A
6Y-095A-M1-05.wav,6.0,Adult,1,095A
6Y-095A-M1-06.wav,6.0,Adult,1,095A
6Y-095A-M1-07.wav,6.0,Adult,1,095A
7.5Y-013B-F1-01.wav,7.5,Adult,1,013B
7.5Y-013B-F1-02.wav,7.5,Adult,1,013B
7.5Y-013B-F1-03.wav,7.5,Adult,1,013B
7.5Y-013B-F2.wav,7.5,Adult,1,013B
7.5Y-013B-F3.wav,7.5,Adult,1,013B
7.5Y-013B-F4-01.wav,7.5,Adult,1,013B
7.5Y-013B-F4-02.wav,7.5,Adult,1,013B
7.5Y-013B-F4-03.wav,7.5,Adult,1,013B
7Y-019A-X1-01.wav,7.0,Adult,1,019A
7Y-019A-X1-02.wav,7.0,Adult,1,019A
7Y-019A-X1-03.wav,7.0,Adult,1,019A
7Y-019A-X1-04.wav,7.0,Adult,1,019A
7Y-019A-X1-05.wav,7.0,Adult,1,019A
7Y-019A-X1-06.wav,7.0,Adult,1,019A
7Y-019A-X1-07.wav,7.0,Adult,1,019A
7Y-019A-X1-08.wav,7.0,Adult,1,019A
7Y-019A-X1-09.wav,7.0,Adult,1,019A
7Y-019A-X2-01.wav,7.0,Adult,1,019A
7Y-019A-X2-02.wav,7.0,Adult,1,019A
7Y-019A-X2-03.wav,7.0,Adult,1,019A
7Y-019A-X4-01.wav,7.0,Adult,1,019A
7Y-019A-X4-02.wav,7.0,Adult,1,019A
7Y-019A-X4-03.wav,7.0,Adult,1,019A
7Y-019A-X4-04.wav,7.0,Adult,1,019A
7Y-019A-X5.wav,7.0,Adult,1,019A
7Y-025B-F1-01.wav,7.0,Adult,1,025B
7Y-025B-F1-02.wav,7.0,Adult,1,025B
7Y-026A-F1-01.wav,7.0,Adult,1,026A
7Y-026A-F4.wav,7.0,Adult,1,026A
7Y-026A-F5.wav,7.0,Adult,1,026A
7Y-026A-F6.wav,7.0,Adult,1,026A
7Y-026B-M2.wav,7.0,Adult,1,026B
7Y-026C-F1.wav,7.0,Adult,1,026C
7Y-037A-X-01.wav,7.0,Adult,1,037A
7Y-037A-X-02.wav,7.0,Adult,1,037A
7Y-038A-F-01.wav,7.0,Adult,1,038A
7Y-038A-F-02.wav,7.0,Adult,1,038A
7Y-097B-X1-NC-01.wav,7.0,Adult,1,097B
7Y-097B-X1-NC-02.wav,7.0,Adult,1,097B
7Y-097B-X1-NC-03.wav,7.0,Adult,1,097B
7Y-097B-X1-NC-04.wav,7.0,Adult,1,097B
7Y-097B-X1-NC-05.wav,7.0,Adult,1,097B
7Y-097B-X1-NC-06.wav,7.0,Adult,1,097B
7Y-097B-X1-NC-07.wav,7.0,Adult,1,097B
7Y-097B-X1-NC-08.wav,7.0,Adult,1,097B
7Y-097B-X1-NC-09.wav,7.0,Adult,1,097B
7Y-097B-X1-NC-10.wav,7.0,Adult,1,097B
7Y-097B-X1-NC-11.wav,7.0,Adult,1,097B
7Y-097B-X1-NC-12.wav,7.0,Adult,1,097B
7Y-097B-X1-NC-13.wav,7.0,Adult,1,097B
7Y-097B-X1-NC-14.wav,7.0,Adult,1,097B
8Y-005A-M1-01.wav,8.0,Adult,1,005A
8Y-005A-M1-02.wav,8.0,Adult,1,005A
8Y-005A-M1-03.wav,8.0,Adult,1,005A
8Y-005A-M1-04.wav,8.0,Adult,1,005A
8Y-005A-M1-05.wav,8.0,Adult,1,005A
8Y-005A-M1-06.wav,8.0,Adult,1,005A
8Y-005A-M2-01.wav,8.0,Adult,1,005A
8Y-005A-M2-02.wav,8.0,Adult,1,005A
8Y-005A-M2-03.wav,8.0,Adult,1,005A
8Y-020AB-M10-01.wav,8.0,Adult,1,020AB
8Y-020AB-M11-01.wav,8.0,Adult,1,020AB
8Y-020AB-M2-01.wav,8.0,Adult,1,020AB
8Y-020AB-M2-02.wav,8.0,Adult,1,020AB
8Y-020AB-M3-01.wav,8.0,Adult,1,020AB
8Y-020AB-M3-02.wav,8.0,Adult,1,020AB
8Y-020AB-M4-01.wav,8.0,Adult,1,020AB
8Y-020AB-M5-01.wav,8.0,Adult,1,020AB
8Y-020AB-M5-02.wav,8.0,Adult,1,020AB
8Y-020AB-M5-03.wav,8.0,Adult,1,020AB
8Y-020AB-M6-01.wav,8.0,Adult,1,020AB
8Y-020AB-M6-02.wav,8.0,Adult,1,020AB
8Y-020AB-M6-03.wav,8.0,Adult,1,020AB
8Y-020AB-M6-04.wav,8.0,Adult,1,020AB
8Y-020AB-M7-01.wav,8.0,Adult,1,020AB
8Y-020AB-M7-02.wav,8.0,Adult,1,020AB
8Y-020AB-M8-01.wav,8.0,Adult,1,020AB
8Y-020AB-M8-02.wav,8.0,Adult,1,020AB
8Y-020AB-M9-01.wav,8.0,Adult,1,020AB
8Y-020AB-M9-02.wav,8.0,Adult,1,020AB
8Y-102A-M1-SV-01.wav,8.0,Adult,1,102A
8Y-102A-M1-SV-02.wav,8.0,Adult,1,102A
9Y-052A-F-01.wav,9.0,Adult,1,052A
9Y-052A-F-02.wav,9.0,Adult,1,052A
